calib\gc10_train200.txt	5680
calib\neu_train200.txt	3951
calib\README.md	347
figs\fig_pareto.pdf	17396
figs\fig_pareto.png	189351
MANIFEST.tsv	11102
README.md	8852
results\calib_ablation.csv	1092
results\coreinfo_i5-1155G7.txt	8083
results\export_sizes.csv	4796
results\latency.csv	12037
results\latency_session_20261006_1803.csv	12037
results\latency_session_20261006_2119.csv	12068
results\latency_session_compare.md	2083
results\m2_int8_diagnosis.md	4332
results\m2_interleave.csv	808
results\m2_numbers_sheet.md	2854
results\m2_order_effect.csv	685
results\m2_profile_summary.md	3748
results\m2_session2_latency.csv	1716
results\numbers_sheet.md	7918
results\paper_tables.md	5860
results\perclass\gc10_n_fp16_seed13.json	530
results\perclass\gc10_n_fp16_seed13_test.json	529
results\perclass\gc10_n_fp16_seed2024.json	529
results\perclass\gc10_n_fp16_seed2024_test.json	530
results\perclass\gc10_n_fp16_seed42.json	530
results\perclass\gc10_n_fp16_seed42_test.json	532
results\perclass\gc10_n_fp16_seed7.json	529
results\perclass\gc10_n_fp16_seed7_test.json	530
results\perclass\gc10_n_fp16_seed99.json	530
results\perclass\gc10_n_fp16_seed99_test.json	531
results\perclass\gc10_n_fp32_seed13.json	530
results\perclass\gc10_n_fp32_seed13_test.json	532
results\perclass\gc10_n_fp32_seed2024.json	532
results\perclass\gc10_n_fp32_seed2024_test.json	529
results\perclass\gc10_n_fp32_seed42.json	529
results\perclass\gc10_n_fp32_seed42_test.json	531
results\perclass\gc10_n_fp32_seed7.json	527
results\perclass\gc10_n_fp32_seed7_test.json	529
results\perclass\gc10_n_fp32_seed99.json	530
results\perclass\gc10_n_fp32_seed99_test.json	530
results\perclass\gc10_n_int8dyn_seed13.json	530
results\perclass\gc10_n_int8dyn_seed13_test.json	530
results\perclass\gc10_n_int8dyn_seed2024.json	532
results\perclass\gc10_n_int8dyn_seed2024_test.json	533
results\perclass\gc10_n_int8dyn_seed42.json	525
results\perclass\gc10_n_int8dyn_seed42_test.json	532
results\perclass\gc10_n_int8dyn_seed7.json	527
results\perclass\gc10_n_int8dyn_seed7_test.json	531
results\perclass\gc10_n_int8dyn_seed99.json	526
results\perclass\gc10_n_int8dyn_seed99_test.json	531
results\perclass\gc10_n_int8static_seed13.json	528
results\perclass\gc10_n_int8static_seed13_test.json	531
results\perclass\gc10_n_int8static_seed2024.json	529
results\perclass\gc10_n_int8static_seed2024_test.json	528
results\perclass\gc10_n_int8static_seed42.json	530
results\perclass\gc10_n_int8static_seed42_test.json	533
results\perclass\gc10_n_int8static_seed7.json	530
results\perclass\gc10_n_int8static_seed7_test.json	532
results\perclass\gc10_n_int8static_seed99.json	527
results\perclass\gc10_n_int8static_seed99_test.json	533
results\perclass\gc10_s_fp16_seed13.json	528
results\perclass\gc10_s_fp16_seed13_test.json	532
results\perclass\gc10_s_fp16_seed2024.json	526
results\perclass\gc10_s_fp16_seed2024_test.json	533
results\perclass\gc10_s_fp16_seed42.json	531
results\perclass\gc10_s_fp16_seed42_test.json	532
results\perclass\gc10_s_fp16_seed7.json	529
results\perclass\gc10_s_fp16_seed7_test.json	531
results\perclass\gc10_s_fp16_seed99.json	530
results\perclass\gc10_s_fp16_seed99_test.json	530
results\perclass\gc10_s_fp32_seed13.json	529
results\perclass\gc10_s_fp32_seed13_test.json	532
results\perclass\gc10_s_fp32_seed2024.json	528
results\perclass\gc10_s_fp32_seed2024_test.json	531
results\perclass\gc10_s_fp32_seed42.json	529
results\perclass\gc10_s_fp32_seed42_test.json	533
results\perclass\gc10_s_fp32_seed7.json	530
results\perclass\gc10_s_fp32_seed7_test.json	532
results\perclass\gc10_s_fp32_seed99.json	528
results\perclass\gc10_s_fp32_seed99_test.json	529
results\perclass\gc10_s_int8dyn_seed13.json	527
results\perclass\gc10_s_int8dyn_seed13_test.json	529
results\perclass\gc10_s_int8dyn_seed2024.json	530
results\perclass\gc10_s_int8dyn_seed2024_test.json	530
results\perclass\gc10_s_int8dyn_seed42.json	531
results\perclass\gc10_s_int8dyn_seed42_test.json	532
results\perclass\gc10_s_int8dyn_seed7.json	528
results\perclass\gc10_s_int8dyn_seed7_test.json	528
results\perclass\gc10_s_int8dyn_seed99.json	528
results\perclass\gc10_s_int8dyn_seed99_test.json	531
results\perclass\gc10_s_int8static_seed13.json	528
results\perclass\gc10_s_int8static_seed13_test.json	528
results\perclass\gc10_s_int8static_seed2024.json	529
results\perclass\gc10_s_int8static_seed2024_test.json	532
results\perclass\gc10_s_int8static_seed42.json	526
results\perclass\gc10_s_int8static_seed42_test.json	533
results\perclass\gc10_s_int8static_seed7.json	533
results\perclass\gc10_s_int8static_seed7_test.json	531
results\perclass\gc10_s_int8static_seed99.json	530
results\perclass\gc10_s_int8static_seed99_test.json	528
results\perclass\neu_n_fp16_seed13.json	382
results\perclass\neu_n_fp16_seed13_test.json	382
results\perclass\neu_n_fp16_seed2024.json	381
results\perclass\neu_n_fp16_seed2024_test.json	382
results\perclass\neu_n_fp16_seed42.json	381
results\perclass\neu_n_fp16_seed42_test.json	381
results\perclass\neu_n_fp16_seed7.json	383
results\perclass\neu_n_fp16_seed7_test.json	382
results\perclass\neu_n_fp16_seed99.json	382
results\perclass\neu_n_fp16_seed99_test.json	382
results\perclass\neu_n_fp32_seed13.json	380
results\perclass\neu_n_fp32_seed13_test.json	379
results\perclass\neu_n_fp32_seed2024.json	383
results\perclass\neu_n_fp32_seed2024_test.json	382
results\perclass\neu_n_fp32_seed42.json	382
results\perclass\neu_n_fp32_seed42_test.json	383
results\perclass\neu_n_fp32_seed7.json	383
results\perclass\neu_n_fp32_seed7_test.json	382
results\perclass\neu_n_fp32_seed99.json	383
results\perclass\neu_n_fp32_seed99_test.json	383
results\perclass\neu_n_int8dyn_seed13.json	381
results\perclass\neu_n_int8dyn_seed13_test.json	382
results\perclass\neu_n_int8dyn_seed2024.json	383
results\perclass\neu_n_int8dyn_seed2024_test.json	381
results\perclass\neu_n_int8dyn_seed42.json	383
results\perclass\neu_n_int8dyn_seed42_test.json	382
results\perclass\neu_n_int8dyn_seed7.json	381
results\perclass\neu_n_int8dyn_seed7_test.json	381
results\perclass\neu_n_int8dyn_seed99.json	383
results\perclass\neu_n_int8dyn_seed99_test.json	381
results\perclass\neu_n_int8static_seed13.json	382
results\perclass\neu_n_int8static_seed13_test.json	383
results\perclass\neu_n_int8static_seed2024.json	382
results\perclass\neu_n_int8static_seed2024_test.json	380
results\perclass\neu_n_int8static_seed42.json	382
results\perclass\neu_n_int8static_seed42_test.json	382
results\perclass\neu_n_int8static_seed7.json	380
results\perclass\neu_n_int8static_seed7_test.json	382
results\perclass\neu_n_int8static_seed99.json	379
results\perclass\neu_n_int8static_seed99_test.json	382
results\perclass\neu_s_fp16_seed13.json	379
results\perclass\neu_s_fp16_seed13_test.json	383
results\perclass\neu_s_fp16_seed2024.json	382
results\perclass\neu_s_fp16_seed2024_test.json	379
results\perclass\neu_s_fp16_seed42.json	382
results\perclass\neu_s_fp16_seed42_test.json	383
results\perclass\neu_s_fp16_seed7.json	382
results\perclass\neu_s_fp16_seed7_test.json	383
results\perclass\neu_s_fp16_seed99.json	382
results\perclass\neu_s_fp16_seed99_test.json	382
results\perclass\neu_s_fp32_seed13.json	382
results\perclass\neu_s_fp32_seed13_test.json	383
results\perclass\neu_s_fp32_seed2024.json	382
results\perclass\neu_s_fp32_seed2024_test.json	380
results\perclass\neu_s_fp32_seed42.json	381
results\perclass\neu_s_fp32_seed42_test.json	382
results\perclass\neu_s_fp32_seed7.json	382
results\perclass\neu_s_fp32_seed7_test.json	380
results\perclass\neu_s_fp32_seed99.json	383
results\perclass\neu_s_fp32_seed99_test.json	381
results\perclass\neu_s_int8dyn_seed13.json	380
results\perclass\neu_s_int8dyn_seed13_test.json	380
results\perclass\neu_s_int8dyn_seed2024.json	382
results\perclass\neu_s_int8dyn_seed2024_test.json	383
results\perclass\neu_s_int8dyn_seed42.json	381
results\perclass\neu_s_int8dyn_seed42_test.json	382
results\perclass\neu_s_int8dyn_seed7.json	383
results\perclass\neu_s_int8dyn_seed7_test.json	383
results\perclass\neu_s_int8dyn_seed99.json	381
results\perclass\neu_s_int8dyn_seed99_test.json	382
results\perclass\neu_s_int8static_seed13.json	383
results\perclass\neu_s_int8static_seed13_test.json	383
results\perclass\neu_s_int8static_seed2024.json	382
results\perclass\neu_s_int8static_seed2024_test.json	381
results\perclass\neu_s_int8static_seed42.json	382
results\perclass\neu_s_int8static_seed42_test.json	382
results\perclass\neu_s_int8static_seed7.json	382
results\perclass\neu_s_int8static_seed7_test.json	380
results\perclass\neu_s_int8static_seed99.json	380
results\perclass\neu_s_int8static_seed99_test.json	381
results\pipeline_agreement.md	703
results\realtime_budget.md	2129
results\refs_new.json	14806
results\refs_verify_new.txt	5200
results\results.csv	11212
results\results_test.csv	11684
results\seed_extension_report.md	3693
results\si_table_s6.md	2105
results\si_table_s7.md	3105
results\si_tables.md	3061
results\significance.csv	2579
results\stats.csv	2582
results\tables.md	6728
results\weights_manifest.csv	5044
scripts\compare_latency_sessions.py	5928
scripts\extract_weights.py	6129
scripts\host_load.py	3719
scripts\lit_digest_new_refs.py	1448
scripts\lit_search_jrtip_and_cpu.py	3444
scripts\lit_search_new_refs.py	5518
scripts\m2_diagnose_int8.py	6086
scripts\m2_fully_quantized.py	4556
scripts\m2_int8_variants.py	10765
scripts\m2_interleave.py	10309
scripts\m2_session2.py	5762
scripts\m3_test_campaign.py	2380
scripts\make_coco_gt.py	7036
scripts\make_fig_pareto.py	5644
scripts\make_m2_numbers.py	4730
scripts\make_numbers_sheet.py	10287
scripts\make_paper_tables.py	12180
scripts\make_pipeline_agreement.py	2207
scripts\make_realtime_budget.py	3436
scripts\make_seed_report.py	7407
scripts\make_si_tables.py	5881
scripts\make_test_tables.py	4998
scripts\preflight.py	4155
scripts\ptq_calib_ablation.py	9297
scripts\ptq_common.py	5260
scripts\ptq_eval.py	11704
scripts\ptq_export.py	6288
scripts\ptq_latency.py	7330
scripts\ptq_stats.py	9347
scripts\remeasure_latency_all.sh	4627
scripts\summarize_matrix.py	7482
scripts\verify_draft_numbers.py	4716
scripts\verify_new_refs.py	7313
weights\gc10_n_base_seed13.pt	6235121
weights\gc10_n_base_seed2024.pt	6235121
weights\gc10_n_base_seed42.pt	6235121
weights\gc10_n_base_seed7.pt	6235121
weights\gc10_n_base_seed99.pt	6235121
weights\gc10_s_base_seed13.pt	22508081
weights\gc10_s_base_seed2024.pt	22508081
weights\gc10_s_base_seed42.pt	22508081
weights\gc10_s_base_seed7.pt	22508081
weights\gc10_s_base_seed99.pt	22508081
weights\neu_n_base_seed13.pt	6260017
weights\neu_n_base_seed2024.pt	6260017
weights\neu_n_base_seed42.pt	6260017
weights\neu_n_base_seed7.pt	6260017
weights\neu_n_base_seed99.pt	6260017
weights\neu_s_base_seed13.pt	22531377
weights\neu_s_base_seed2024.pt	22531377
weights\neu_s_base_seed42.pt	22531377
weights\neu_s_base_seed7.pt	22531377
weights\neu_s_base_seed99.pt	22531377
