dataset,scale,seed,precision,size_mb,imgsz,file
gc10,s,42,fp32,44.76,640,gc10_s_base_seed42_fp32.onnx
gc10,s,42,fp16,22.417,640,gc10_s_base_seed42_fp16.onnx
gc10,s,42,int8dyn,11.494,640,gc10_s_base_seed42_int8dyn.onnx
gc10,s,42,int8static,11.527,640,gc10_s_base_seed42_int8static.onnx
gc10,n,42,fp32,12.272,640,gc10_n_base_seed42_fp32.onnx
gc10,n,42,fp16,6.173,640,gc10_n_base_seed42_fp16.onnx
gc10,n,42,int8dyn,3.357,640,gc10_n_base_seed42_int8dyn.onnx
gc10,n,42,int8static,3.39,640,gc10_n_base_seed42_int8static.onnx
gc10,n,7,fp32,12.272,640,gc10_n_base_seed7_fp32.onnx
gc10,n,7,fp16,6.173,640,gc10_n_base_seed7_fp16.onnx
gc10,n,7,int8dyn,3.357,640,gc10_n_base_seed7_int8dyn.onnx
gc10,n,7,int8static,3.39,640,gc10_n_base_seed7_int8static.onnx
gc10,n,2024,fp32,12.272,640,gc10_n_base_seed2024_fp32.onnx
gc10,n,2024,fp16,6.173,640,gc10_n_base_seed2024_fp16.onnx
gc10,n,2024,int8dyn,3.357,640,gc10_n_base_seed2024_int8dyn.onnx
gc10,n,2024,int8static,3.39,640,gc10_n_base_seed2024_int8static.onnx
gc10,s,7,fp32,44.76,640,gc10_s_base_seed7_fp32.onnx
gc10,s,7,fp16,22.417,640,gc10_s_base_seed7_fp16.onnx
gc10,s,7,int8dyn,11.494,640,gc10_s_base_seed7_int8dyn.onnx
gc10,s,7,int8static,11.527,640,gc10_s_base_seed7_int8static.onnx
gc10,s,2024,fp32,44.76,640,gc10_s_base_seed2024_fp32.onnx
gc10,s,2024,fp16,22.417,640,gc10_s_base_seed2024_fp16.onnx
gc10,s,2024,int8dyn,11.494,640,gc10_s_base_seed2024_int8dyn.onnx
gc10,s,2024,int8static,11.527,640,gc10_s_base_seed2024_int8static.onnx
neu,n,42,fp32,12.269,640,neu_n_base_seed42_fp32.onnx
neu,n,42,fp16,6.172,640,neu_n_base_seed42_fp16.onnx
neu,n,42,int8dyn,3.357,640,neu_n_base_seed42_int8dyn.onnx
neu,n,42,int8static,3.39,640,neu_n_base_seed42_int8static.onnx
neu,n,7,fp32,12.269,640,neu_n_base_seed7_fp32.onnx
neu,n,7,fp16,6.172,640,neu_n_base_seed7_fp16.onnx
neu,n,7,int8dyn,3.357,640,neu_n_base_seed7_int8dyn.onnx
neu,n,7,int8static,3.39,640,neu_n_base_seed7_int8static.onnx
neu,n,2024,fp32,12.269,640,neu_n_base_seed2024_fp32.onnx
neu,n,2024,fp16,6.172,640,neu_n_base_seed2024_fp16.onnx
neu,n,2024,int8dyn,3.357,640,neu_n_base_seed2024_int8dyn.onnx
neu,n,2024,int8static,3.39,640,neu_n_base_seed2024_int8static.onnx
neu,s,42,fp32,44.754,640,neu_s_base_seed42_fp32.onnx
neu,s,42,fp16,22.414,640,neu_s_base_seed42_fp16.onnx
neu,s,42,int8dyn,11.492,640,neu_s_base_seed42_int8dyn.onnx
neu,s,42,int8static,11.525,640,neu_s_base_seed42_int8static.onnx
neu,s,7,fp32,44.754,640,neu_s_base_seed7_fp32.onnx
neu,s,7,fp16,22.414,640,neu_s_base_seed7_fp16.onnx
neu,s,7,int8dyn,11.492,640,neu_s_base_seed7_int8dyn.onnx
neu,s,7,int8static,11.525,640,neu_s_base_seed7_int8static.onnx
neu,s,2024,fp32,44.754,640,neu_s_base_seed2024_fp32.onnx
neu,s,2024,fp16,22.414,640,neu_s_base_seed2024_fp16.onnx
neu,s,2024,int8dyn,11.492,640,neu_s_base_seed2024_int8dyn.onnx
neu,s,2024,int8static,11.525,640,neu_s_base_seed2024_int8static.onnx
gc10,s,13,fp32,44.76,640,gc10_s_base_seed13_fp32.onnx
gc10,s,13,fp16,22.417,640,gc10_s_base_seed13_fp16.onnx
gc10,s,13,int8dyn,11.494,640,gc10_s_base_seed13_int8dyn.onnx
gc10,s,13,int8static,11.527,640,gc10_s_base_seed13_int8static.onnx
gc10,s,99,fp32,44.76,640,gc10_s_base_seed99_fp32.onnx
gc10,s,99,fp16,22.417,640,gc10_s_base_seed99_fp16.onnx
gc10,s,99,int8dyn,11.494,640,gc10_s_base_seed99_int8dyn.onnx
gc10,s,99,int8static,11.527,640,gc10_s_base_seed99_int8static.onnx
neu,s,13,fp32,44.754,640,neu_s_base_seed13_fp32.onnx
neu,s,13,fp16,22.414,640,neu_s_base_seed13_fp16.onnx
neu,s,13,int8dyn,11.492,640,neu_s_base_seed13_int8dyn.onnx
neu,s,13,int8static,11.525,640,neu_s_base_seed13_int8static.onnx
neu,s,99,fp32,44.754,640,neu_s_base_seed99_fp32.onnx
neu,s,99,fp16,22.414,640,neu_s_base_seed99_fp16.onnx
neu,s,99,int8dyn,11.492,640,neu_s_base_seed99_int8dyn.onnx
neu,s,99,int8static,11.525,640,neu_s_base_seed99_int8static.onnx
gc10,n,13,fp32,12.272,640,gc10_n_base_seed13_fp32.onnx
gc10,n,13,fp16,6.173,640,gc10_n_base_seed13_fp16.onnx
gc10,n,13,int8dyn,3.357,640,gc10_n_base_seed13_int8dyn.onnx
gc10,n,13,int8static,3.39,640,gc10_n_base_seed13_int8static.onnx
gc10,n,99,fp32,12.272,640,gc10_n_base_seed99_fp32.onnx
gc10,n,99,fp16,6.173,640,gc10_n_base_seed99_fp16.onnx
gc10,n,99,int8dyn,3.357,640,gc10_n_base_seed99_int8dyn.onnx
gc10,n,99,int8static,3.39,640,gc10_n_base_seed99_int8static.onnx
neu,n,13,fp32,12.269,640,neu_n_base_seed13_fp32.onnx
neu,n,13,fp16,6.172,640,neu_n_base_seed13_fp16.onnx
neu,n,13,int8dyn,3.357,640,neu_n_base_seed13_int8dyn.onnx
neu,n,13,int8static,3.39,640,neu_n_base_seed13_int8static.onnx
neu,n,99,fp32,12.269,640,neu_n_base_seed99_fp32.onnx
neu,n,99,fp16,6.172,640,neu_n_base_seed99_fp16.onnx
neu,n,99,int8dyn,3.357,640,neu_n_base_seed99_int8dyn.onnx
neu,n,99,int8static,3.39,640,neu_n_base_seed99_int8static.onnx
