dataset,scale,seed,precision,imgsz,threads,n,lat_median_ms,lat_mean_ms,lat_p95_ms,lat_sd_ms,lat_min_ms,fps,size_mb,sess_rss_mb,input_type,file,session
gc10,n,42,fp32,640,4,50,53.653,61.431,89.265,15.999,43.236,18.64,12.272,143.1,tensor(float),gc10_n_base_seed42_fp32.onnx,sess_20261006_180336
gc10,n,42,fp16,640,4,50,65.179,65.978,78.046,10.204,42.0,15.34,6.173,149.5,tensor(float),gc10_n_base_seed42_fp16.onnx,sess_20261006_180336
gc10,n,42,int8dyn,640,4,50,1012.721,1012.678,1052.489,26.441,932.636,0.99,3.357,134.7,tensor(float),gc10_n_base_seed42_int8dyn.onnx,sess_20261006_180336
gc10,n,42,int8static,640,4,50,124.508,119.159,135.162,13.893,90.53,8.03,3.39,147.9,tensor(float),gc10_n_base_seed42_int8static.onnx,sess_20261006_180336
gc10,n,7,fp32,640,4,50,83.582,90.413,111.15,30.429,62.477,11.96,12.272,143.9,tensor(float),gc10_n_base_seed7_fp32.onnx,sess_20261006_180336
gc10,n,7,fp16,640,4,50,82.192,86.76,129.049,34.769,51.238,12.17,6.173,149.6,tensor(float),gc10_n_base_seed7_fp16.onnx,sess_20261006_180336
gc10,n,7,int8dyn,640,4,50,1019.981,1032.858,1151.428,58.661,955.307,0.98,3.357,135.2,tensor(float),gc10_n_base_seed7_int8dyn.onnx,sess_20261006_180336
gc10,n,7,int8static,640,4,50,121.841,118.656,139.662,13.305,89.509,8.21,3.39,148.3,tensor(float),gc10_n_base_seed7_int8static.onnx,sess_20261006_180336
gc10,n,2024,fp32,640,4,50,68.223,71.214,85.367,9.634,54.356,14.66,12.272,143.3,tensor(float),gc10_n_base_seed2024_fp32.onnx,sess_20261006_180336
gc10,n,2024,fp16,640,4,50,68.908,71.394,89.904,10.358,54.765,14.51,6.173,149.8,tensor(float),gc10_n_base_seed2024_fp16.onnx,sess_20261006_180336
gc10,n,2024,int8dyn,640,4,50,991.035,1001.827,1050.703,64.122,932.092,1.01,3.357,134.8,tensor(float),gc10_n_base_seed2024_int8dyn.onnx,sess_20261006_180336
gc10,n,2024,int8static,640,4,50,122.631,118.952,132.097,12.515,95.238,8.15,3.39,147.9,tensor(float),gc10_n_base_seed2024_int8static.onnx,sess_20261006_180336
gc10,n,13,fp32,640,4,50,67.064,73.099,93.969,12.729,53.292,14.91,12.272,143.3,tensor(float),gc10_n_base_seed13_fp32.onnx,sess_20261006_180336
gc10,n,13,fp16,640,4,50,63.688,66.932,85.74,12.418,46.519,15.7,6.173,149.6,tensor(float),gc10_n_base_seed13_fp16.onnx,sess_20261006_180336
gc10,n,13,int8dyn,640,4,50,982.685,986.508,1036.742,26.317,925.705,1.02,3.357,135.1,tensor(float),gc10_n_base_seed13_int8dyn.onnx,sess_20261006_180336
gc10,n,13,int8static,640,4,50,121.993,120.277,134.228,12.433,93.991,8.2,3.39,148.2,tensor(float),gc10_n_base_seed13_int8static.onnx,sess_20261006_180336
gc10,n,99,fp32,640,4,50,68.89,71.329,88.4,11.025,55.694,14.52,12.272,143.2,tensor(float),gc10_n_base_seed99_fp32.onnx,sess_20261006_180336
gc10,n,99,fp16,640,4,50,62.338,65.115,83.174,11.412,41.503,16.04,6.173,149.9,tensor(float),gc10_n_base_seed99_fp16.onnx,sess_20261006_180336
gc10,n,99,int8dyn,640,4,50,1000.799,1016.893,1098.364,54.639,950.219,1.0,3.357,135.0,tensor(float),gc10_n_base_seed99_int8dyn.onnx,sess_20261006_180336
gc10,n,99,int8static,640,4,50,120.655,117.465,130.249,12.323,87.999,8.29,3.39,147.8,tensor(float),gc10_n_base_seed99_int8static.onnx,sess_20261006_180336
gc10,s,42,fp32,640,4,50,228.215,227.259,248.741,15.459,165.577,4.38,44.76,227.8,tensor(float),gc10_s_base_seed42_fp32.onnx,sess_20261006_180336
gc10,s,42,fp16,640,4,50,225.834,224.397,239.133,13.907,176.595,4.43,22.417,238.5,tensor(float),gc10_s_base_seed42_fp16.onnx,sess_20261006_180336
gc10,s,42,int8dyn,640,4,50,3142.588,3190.101,3430.248,127.285,3070.044,0.32,11.494,191.0,tensor(float),gc10_s_base_seed42_int8dyn.onnx,sess_20261006_180336
gc10,s,42,int8static,640,4,50,329.405,328.466,344.575,10.476,311.105,3.04,11.527,223.0,tensor(float),gc10_s_base_seed42_int8static.onnx,sess_20261006_180336
gc10,s,7,fp32,640,4,50,231.599,227.899,246.739,19.017,160.56,4.32,44.76,227.8,tensor(float),gc10_s_base_seed7_fp32.onnx,sess_20261006_180336
gc10,s,7,fp16,640,4,50,230.424,227.136,245.792,16.51,182.219,4.34,22.417,237.8,tensor(float),gc10_s_base_seed7_fp16.onnx,sess_20261006_180336
gc10,s,7,int8dyn,640,4,50,3147.171,3020.423,3449.495,406.227,2205.655,0.32,11.494,189.7,tensor(float),gc10_s_base_seed7_int8dyn.onnx,sess_20261006_180336
gc10,s,7,int8static,640,4,50,362.882,363.822,412.354,34.608,292.528,2.76,11.527,223.2,tensor(float),gc10_s_base_seed7_int8static.onnx,sess_20261006_180336
gc10,s,2024,fp32,640,4,50,243.532,245.117,279.27,26.769,183.951,4.11,44.76,227.2,tensor(float),gc10_s_base_seed2024_fp32.onnx,sess_20261006_180336
gc10,s,2024,fp16,640,4,50,215.169,220.681,260.212,24.818,171.7,4.65,22.417,237.7,tensor(float),gc10_s_base_seed2024_fp16.onnx,sess_20261006_180336
gc10,s,2024,int8dyn,640,4,50,3005.392,3014.487,3279.599,183.724,2691.236,0.33,11.494,191.8,tensor(float),gc10_s_base_seed2024_int8dyn.onnx,sess_20261006_180336
gc10,s,2024,int8static,640,4,50,351.162,355.12,430.012,38.658,280.057,2.85,11.527,223.4,tensor(float),gc10_s_base_seed2024_int8static.onnx,sess_20261006_180336
gc10,s,13,fp32,640,4,50,231.766,226.017,270.786,33.406,142.59,4.31,44.76,228.1,tensor(float),gc10_s_base_seed13_fp32.onnx,sess_20261006_180336
gc10,s,13,fp16,640,4,50,224.137,225.219,261.766,24.795,181.635,4.46,22.417,237.9,tensor(float),gc10_s_base_seed13_fp16.onnx,sess_20261006_180336
gc10,s,13,int8dyn,640,4,50,2973.863,3041.623,3263.41,222.352,2759.684,0.34,11.494,191.2,tensor(float),gc10_s_base_seed13_int8dyn.onnx,sess_20261006_180336
gc10,s,13,int8static,640,4,50,314.115,321.35,398.669,46.836,202.131,3.18,11.527,222.8,tensor(float),gc10_s_base_seed13_int8static.onnx,sess_20261006_180336
gc10,s,99,fp32,640,4,50,212.374,220.456,298.788,46.297,152.075,4.71,44.76,227.8,tensor(float),gc10_s_base_seed99_fp32.onnx,sess_20261006_180336
gc10,s,99,fp16,640,4,50,229.76,228.816,275.953,47.7,110.072,4.35,22.417,238.2,tensor(float),gc10_s_base_seed99_fp16.onnx,sess_20261006_180336
gc10,s,99,int8dyn,640,4,50,2946.549,2927.943,3134.375,164.029,2569.152,0.34,11.494,190.9,tensor(float),gc10_s_base_seed99_int8dyn.onnx,sess_20261006_180336
gc10,s,99,int8static,640,4,50,318.642,326.696,378.677,38.695,255.94,3.14,11.527,223.1,tensor(float),gc10_s_base_seed99_int8static.onnx,sess_20261006_180336
neu,n,42,fp32,640,4,50,70.039,73.99,102.064,13.138,54.225,14.28,12.269,143.9,tensor(float),neu_n_base_seed42_fp32.onnx,sess_20261006_180336
neu,n,42,fp16,640,4,50,72.635,76.685,97.977,15.793,57.787,13.77,6.172,149.3,tensor(float),neu_n_base_seed42_fp16.onnx,sess_20261006_180336
neu,n,42,int8dyn,640,4,50,998.272,1012.936,1084.87,51.371,930.611,1.0,3.357,134.9,tensor(float),neu_n_base_seed42_int8dyn.onnx,sess_20261006_180336
neu,n,42,int8static,640,4,50,122.529,118.128,133.859,14.031,90.55,8.16,3.39,148.2,tensor(float),neu_n_base_seed42_int8static.onnx,sess_20261006_180336
neu,n,7,fp32,640,4,50,68.71,71.739,88.371,10.859,53.223,14.55,12.269,142.8,tensor(float),neu_n_base_seed7_fp32.onnx,sess_20261006_180336
neu,n,7,fp16,640,4,50,64.244,67.429,82.584,10.738,48.447,15.57,6.172,149.3,tensor(float),neu_n_base_seed7_fp16.onnx,sess_20261006_180336
neu,n,7,int8dyn,640,4,50,1004.818,1012.091,1085.777,37.454,955.869,1.0,3.357,135.1,tensor(float),neu_n_base_seed7_int8dyn.onnx,sess_20261006_180336
neu,n,7,int8static,640,4,50,125.926,122.367,141.091,14.641,91.07,7.94,3.39,149.2,tensor(float),neu_n_base_seed7_int8static.onnx,sess_20261006_180336
neu,n,2024,fp32,640,4,50,66.924,70.77,89.197,11.656,54.72,14.94,12.269,142.8,tensor(float),neu_n_base_seed2024_fp32.onnx,sess_20261006_180336
neu,n,2024,fp16,640,4,50,64.408,67.516,88.94,11.814,45.74,15.53,6.172,150.3,tensor(float),neu_n_base_seed2024_fp16.onnx,sess_20261006_180336
neu,n,2024,int8dyn,640,4,50,1004.233,1004.278,1039.853,20.369,971.753,1.0,3.357,135.6,tensor(float),neu_n_base_seed2024_int8dyn.onnx,sess_20261006_180336
neu,n,2024,int8static,640,4,50,125.695,120.903,133.065,12.991,93.272,7.96,3.39,148.3,tensor(float),neu_n_base_seed2024_int8static.onnx,sess_20261006_180336
neu,n,13,fp32,640,4,50,67.566,71.181,86.221,11.11,48.166,14.8,12.269,142.6,tensor(float),neu_n_base_seed13_fp32.onnx,sess_20261006_180336
neu,n,13,fp16,640,4,50,67.202,68.922,83.735,10.462,50.78,14.88,6.172,149.2,tensor(float),neu_n_base_seed13_fp16.onnx,sess_20261006_180336
neu,n,13,int8dyn,640,4,50,1000.756,1013.609,1070.906,38.05,969.553,1.0,3.357,135.7,tensor(float),neu_n_base_seed13_int8dyn.onnx,sess_20261006_180336
neu,n,13,int8static,640,4,50,128.824,125.454,142.813,15.268,99.382,7.76,3.39,147.8,tensor(float),neu_n_base_seed13_int8static.onnx,sess_20261006_180336
neu,n,99,fp32,640,4,50,68.312,73.152,88.393,11.475,49.929,14.64,12.269,142.6,tensor(float),neu_n_base_seed99_fp32.onnx,sess_20261006_180336
neu,n,99,fp16,640,4,50,67.123,69.368,84.614,10.23,46.939,14.9,6.172,149.4,tensor(float),neu_n_base_seed99_fp16.onnx,sess_20261006_180336
neu,n,99,int8dyn,640,4,50,994.702,996.726,1032.495,24.626,948.875,1.01,3.357,135.0,tensor(float),neu_n_base_seed99_int8dyn.onnx,sess_20261006_180336
neu,n,99,int8static,640,4,50,123.965,120.724,135.693,12.64,93.491,8.07,3.39,148.0,tensor(float),neu_n_base_seed99_int8static.onnx,sess_20261006_180336
neu,s,42,fp32,640,4,50,231.095,229.416,244.286,14.874,175.4,4.33,44.754,226.7,tensor(float),neu_s_base_seed42_fp32.onnx,sess_20261006_180336
neu,s,42,fp16,640,4,50,230.352,229.381,246.32,14.793,170.423,4.34,22.414,237.3,tensor(float),neu_s_base_seed42_fp16.onnx,sess_20261006_180336
neu,s,42,int8dyn,640,4,50,3190.936,3199.834,3306.88,65.139,3105.238,0.31,11.492,190.5,tensor(float),neu_s_base_seed42_int8dyn.onnx,sess_20261006_180336
neu,s,42,int8static,640,4,50,337.868,341.754,365.756,16.428,309.336,2.96,11.525,223.9,tensor(float),neu_s_base_seed42_int8static.onnx,sess_20261006_180336
neu,s,7,fp32,640,4,50,231.881,231.168,261.93,22.682,163.122,4.31,44.754,227.8,tensor(float),neu_s_base_seed7_fp32.onnx,sess_20261006_180336
neu,s,7,fp16,640,4,50,231.65,230.713,251.629,17.559,170.83,4.32,22.414,236.6,tensor(float),neu_s_base_seed7_fp16.onnx,sess_20261006_180336
neu,s,7,int8dyn,640,4,50,3157.912,3155.937,3248.288,65.473,3051.902,0.32,11.492,191.0,tensor(float),neu_s_base_seed7_int8dyn.onnx,sess_20261006_180336
neu,s,7,int8static,640,4,50,322.32,323.528,344.672,11.525,298.989,3.1,11.525,223.1,tensor(float),neu_s_base_seed7_int8static.onnx,sess_20261006_180336
neu,s,2024,fp32,640,4,50,224.135,222.713,236.136,13.115,179.323,4.46,44.754,226.2,tensor(float),neu_s_base_seed2024_fp32.onnx,sess_20261006_180336
neu,s,2024,fp16,640,4,50,226.446,223.338,237.246,16.005,158.051,4.42,22.414,237.6,tensor(float),neu_s_base_seed2024_fp16.onnx,sess_20261006_180336
neu,s,2024,int8dyn,640,4,50,3086.041,3091.005,3149.04,50.435,2992.5,0.32,11.492,191.7,tensor(float),neu_s_base_seed2024_int8dyn.onnx,sess_20261006_180336
neu,s,2024,int8static,640,4,50,324.499,324.139,335.653,9.172,299.527,3.08,11.525,222.9,tensor(float),neu_s_base_seed2024_int8static.onnx,sess_20261006_180336
neu,s,13,fp32,640,4,50,227.368,224.376,242.893,19.047,163.091,4.4,44.754,227.4,tensor(float),neu_s_base_seed13_fp32.onnx,sess_20261006_180336
neu,s,13,fp16,640,4,50,223.51,220.399,240.263,20.371,152.353,4.47,22.414,236.7,tensor(float),neu_s_base_seed13_fp16.onnx,sess_20261006_180336
neu,s,13,int8dyn,640,4,50,3100.345,3143.299,3393.368,126.182,3017.702,0.32,11.492,190.9,tensor(float),neu_s_base_seed13_int8dyn.onnx,sess_20261006_180336
neu,s,13,int8static,640,4,50,320.899,321.356,332.729,7.513,306.534,3.12,11.525,222.9,tensor(float),neu_s_base_seed13_int8static.onnx,sess_20261006_180336
neu,s,99,fp32,640,4,50,226.292,222.689,239.166,16.458,161.165,4.42,44.754,226.5,tensor(float),neu_s_base_seed99_fp32.onnx,sess_20261006_180336
neu,s,99,fp16,640,4,50,224.462,222.178,239.57,17.259,158.274,4.46,22.414,237.6,tensor(float),neu_s_base_seed99_fp16.onnx,sess_20261006_180336
neu,s,99,int8dyn,640,4,50,3120.069,3135.401,3232.346,69.462,2995.228,0.32,11.492,189.9,tensor(float),neu_s_base_seed99_int8dyn.onnx,sess_20261006_180336
neu,s,99,int8static,640,4,50,319.464,321.28,338.178,9.724,305.073,3.13,11.525,223.2,tensor(float),neu_s_base_seed99_int8static.onnx,sess_20261006_180336
