cell,cycle,fp32_median,int8_median,variant,ratio,bg_cpu_pct,session
gc10-n,1,67.77,753.93,V1_qop,11.125,30.8,m2h_20261007_175222
gc10-n,2,66.5,786.13,V1_qop,11.822,22.5,m2h_20261007_175222
gc10-n,3,71.88,755.45,V1_qop,10.51,24.4,m2h_20261007_175222
gc10-s,1,199.5,2588.8,V1_qop,12.976,21.1,m2h_20261007_175222
gc10-s,2,211.87,2519.7,V1_qop,11.893,18.3,m2h_20261007_175222
gc10-s,3,206.56,2637.35,V1_qop,12.768,15.5,m2h_20261007_175222
neu-n,1,69.68,781.2,V1_qop,11.211,77.1,m2h_20261007_175222
neu-n,2,78.62,783.56,V1_qop,9.966,27.5,m2h_20261007_175222
neu-n,3,74.62,882.32,V1_qop,11.824,36.8,m2h_20261007_175222
neu-s,1,214.7,2674.99,V1_qop,12.459,30.5,m2h_20261007_175222
neu-s,2,219.55,2702.71,V1_qop,12.31,18.5,m2h_20261007_175222
neu-s,3,218.6,2613.9,V1_qop,11.957,32.1,m2h_20261007_175222
