cell,step,variant,runs,median,bg_cpu_pct,session
gc10-n,1,fp32_a,20,73.29,19.5,m2h_20261007_175222
gc10-n,2,static_before,10,111.03,22.0,m2h_20261007_175222
gc10-n,3,fp32_b,20,70.87,6.2,m2h_20261007_175222
gc10-n,4,dynamic,3,814.89,3.8,m2h_20261007_175222
gc10-n,5,static_after,10,101.81,12.1,m2h_20261007_175222
gc10-n,6,fp32_c,20,68.73,16.4,m2h_20261007_175222
neu-n,1,fp32_a,20,71.34,15.9,m2h_20261007_175222
neu-n,2,static_before,10,107.18,6.3,m2h_20261007_175222
neu-n,3,fp32_b,20,66.07,36.0,m2h_20261007_175222
neu-n,4,dynamic,3,877.11,18.1,m2h_20261007_175222
neu-n,5,static_after,10,114.79,22.0,m2h_20261007_175222
neu-n,6,fp32_c,20,70.71,20.7,m2h_20261007_175222
