cell,variant,onnx,q_dq,qlinearconv,conv,median,p95,min,max,ratio_vs_fp32,bg_cpu_pct,runs,session
gc10-n,fp32,gc10_n_base_seed42_fp32.onnx,0,0,64,63.49,72.79,57.78,74.42,1.0,32.9,20,m2d_20261007_170304
gc10-n,fp16,gc10_n_base_seed42_fp16.onnx,0,0,64,58.73,75.36,50.35,82.65,0.925,5.1,20,m2d_20261007_170304
gc10-n,V1_qop_pertensor,gc10_n_seed42_V1_qop.onnx,123,64,0,660.87,690.82,623.99,710.78,10.409,19.7,20,m2d_20261007_170304
gc10-n,V2_qop_perchannel,gc10_n_seed42_V2_qop_pc.onnx,123,64,0,654.67,698.61,629.29,702.69,10.311,8.8,20,m2d_20261007_170304
gc10-n,V3_dyn_MatMulGemm,gc10_n_seed42_V3_dynmm.onnx,0,0,64,67.24,79.11,59.86,92.51,1.059,11.2,20,m2d_20261007_170304
gc10-n,V4_fullquant,gc10_n_seed42_V4_fullq.onnx,9,64,0,691.48,780.04,632.42,808.71,10.891,5.9,20,m2d_20261007_170304
gc10-s,fp32,gc10_s_base_seed42_fp32.onnx,0,0,64,178.46,196.16,160.7,198.9,1.0,6.1,20,m2d_20261007_170304
gc10-s,fp16,gc10_s_base_seed42_fp16.onnx,0,0,64,169.48,188.63,152.4,210.48,0.95,2.8,20,m2d_20261007_170304
gc10-s,V1_qop_pertensor,gc10_s_seed42_V1_qop.onnx,123,64,0,6281.51,6368.1,2216.55,7501.6,35.198,9.5,20,m2d_20261007_170304
gc10-s,V2_qop_perchannel,gc10_s_seed42_V2_qop_pc.onnx,123,64,0,6260.44,6544.28,6095.81,7954.79,35.08,8.1,20,m2d_20261007_170304
gc10-s,V3_dyn_MatMulGemm,gc10_s_seed42_V3_dynmm.onnx,0,0,64,412.95,677.69,389.68,1230.05,2.314,1.5,20,m2d_20261007_170304
gc10-s,V4_fullquant,gc10_s_seed42_V4_fullq.onnx,9,64,0,2190.64,13432.59,2037.96,535797.98,12.275,32.2,20,m2d_20261007_170304
neu-n,fp32,neu_n_base_seed42_fp32.onnx,0,0,64,74.78,84.69,69.18,85.9,1.0,7.2,20,m2d_20261007_170304
neu-n,fp16,neu_n_base_seed42_fp16.onnx,0,0,64,61.35,68.89,52.61,69.78,0.82,14.7,20,m2d_20261007_170304
