dataset,scale,seed,precision,split,imgsz,mAP50,mAP50_95,save_dir,AP,AP50,AP75,APs,APm,APl,AP50_s,AP50_m,AP50_l,gt_id_base,ref_files
gc10,s,42,fp32,val,640,0.63548,0.3086,runs/gc10_s_fp32_seed42,0.30781,0.63708,0.23074,0.30094,0.3155,0.33775,0.77076,0.69357,0.60495,1,4
gc10,s,42,fp16,val,640,0.63546,0.3083,runs/gc10_s_fp16_seed42,0.30941,0.63706,0.23082,0.3018,0.32189,0.33835,0.77068,0.69342,0.60474,1,
gc10,s,42,int8dyn,val,640,0.63313,0.30479,runs/gc10_s_int8dyn_seed42,0.30349,0.62436,0.23095,0.30027,0.31312,0.33511,0.70605,0.68592,0.59887,1,
gc10,s,42,int8static,val,640,0.61915,0.28549,runs/gc10_s_int8static_seed42,0.28539,0.62421,0.21738,0.24245,0.29325,0.28718,0.64553,0.66753,0.5537,1,
gc10,n,42,fp32,val,640,0.62284,0.30785,runs/gc10_n_fp32_seed42,0.30708,0.62479,0.25547,0.22121,0.30445,0.35322,0.46452,0.66494,0.62406,1,
gc10,n,42,fp16,val,640,0.62268,0.3083,runs/gc10_n_fp16_seed42,0.30716,0.62458,0.25112,0.22047,0.30967,0.3538,0.46463,0.66491,0.62406,1,
gc10,n,42,int8dyn,val,640,0.61982,0.30628,runs/gc10_n_int8dyn_seed42,0.305,0.6207,0.26165,0.21776,0.30281,0.35323,0.46829,0.64495,0.62244,1,
gc10,n,42,int8static,val,640,0.60334,0.29502,runs/gc10_n_int8static_seed42,0.29611,0.60617,0.24618,0.21582,0.28714,0.33717,0.46368,0.63043,0.6132,1,
gc10,n,7,fp32,val,640,0.63671,0.31321,runs/gc10_n_fp32_seed7,0.31395,0.63711,0.25746,0.32221,0.32622,0.3459,0.69778,0.70941,0.64337,1,
gc10,n,7,fp16,val,640,0.63618,0.31259,runs/gc10_n_fp16_seed7,0.31497,0.63712,0.25752,0.32307,0.32729,0.34651,0.69778,0.7098,0.64345,1,
gc10,n,7,int8dyn,val,640,0.6263,0.3152,runs/gc10_n_int8dyn_seed7,0.31687,0.62287,0.27462,0.31151,0.34044,0.34368,0.70448,0.68112,0.6313,1,
gc10,n,7,int8static,val,640,0.6084,0.3046,runs/gc10_n_int8static_seed7,0.30823,0.61234,0.26862,0.2469,0.31481,0.3439,0.57132,0.68266,0.62041,1,
gc10,n,2024,fp32,val,640,0.64599,0.31602,runs/gc10_n_fp32_seed2024,0.31772,0.65106,0.26347,0.25108,0.31847,0.3682,0.59583,0.65341,0.64504,1,
gc10,n,2024,fp16,val,640,0.64598,0.31604,runs/gc10_n_fp16_seed2024,0.31682,0.64449,0.26368,0.24984,0.31746,0.36694,0.59583,0.65335,0.6377,1,
gc10,n,2024,int8dyn,val,640,0.62605,0.31511,runs/gc10_n_int8dyn_seed2024,0.31783,0.62987,0.26316,0.34815,0.31815,0.36838,0.72388,0.64636,0.62693,1,
gc10,n,2024,int8static,val,640,0.62629,0.30118,runs/gc10_n_int8static_seed2024,0.30578,0.62792,0.24554,0.25668,0.3036,0.35565,0.59646,0.61486,0.63862,1,
gc10,s,7,fp32,val,640,0.62272,0.31622,runs/gc10_s_fp32_seed7,0.31588,0.62343,0.27515,0.32935,0.28273,0.3483,0.70357,0.63274,0.60697,1,4
gc10,s,7,fp16,val,640,0.62372,0.3169,runs/gc10_s_fp16_seed7,0.31635,0.62556,0.27311,0.34161,0.28456,0.34841,0.70357,0.63326,0.60717,1,
gc10,s,7,int8dyn,val,640,0.62118,0.31315,runs/gc10_s_int8dyn_seed7,0.31622,0.6178,0.28708,0.38806,0.26991,0.35798,0.71013,0.62881,0.6201,1,
gc10,s,7,int8static,val,640,0.61334,0.30362,runs/gc10_s_int8static_seed7,0.30418,0.614,0.26118,0.34436,0.28946,0.32451,0.70915,0.63921,0.57272,1,
gc10,s,2024,fp32,val,640,0.63738,0.32378,runs/gc10_s_fp32_seed2024,0.32492,0.63974,0.28142,0.21788,0.32251,0.34738,0.47076,0.65184,0.61483,1,4
gc10,s,2024,fp16,val,640,0.63738,0.32327,runs/gc10_s_fp16_seed2024,0.3248,0.63978,0.27921,0.21912,0.32251,0.34731,0.47076,0.65188,0.61476,1,
gc10,s,2024,int8dyn,val,640,0.64717,0.32103,runs/gc10_s_int8dyn_seed2024,0.32067,0.64567,0.27861,0.21311,0.31367,0.34715,0.47496,0.65327,0.61222,1,
gc10,s,2024,int8static,val,640,0.60757,0.30651,runs/gc10_s_int8static_seed2024,0.30887,0.61136,0.25349,0.22113,0.32839,0.33098,0.46014,0.6495,0.59675,1,
neu,n,42,fp32,val,640,0.76452,0.39813,runs/neu_n_fp32_seed42,0.39905,0.76257,0.35874,-1.0,0.20723,0.49402,0.0,0.48517,0.87161,1,
neu,n,42,fp16,val,640,0.76532,0.398,runs/neu_n_fp16_seed42,0.39851,0.76279,0.3583,-1.0,0.20715,0.49299,0.0,0.48497,0.87176,1,
neu,n,42,int8dyn,val,640,0.76259,0.40925,runs/neu_n_int8dyn_seed42,0.40987,0.76022,0.39515,-1.0,0.20332,0.50586,0.0,0.48424,0.86989,1,
neu,n,42,int8static,val,640,0.77053,0.39811,runs/neu_n_int8static_seed42,0.4013,0.76794,0.35913,-1.0,0.23017,0.50096,0.0,0.54041,0.87873,1,
neu,n,7,fp32,val,640,0.77398,0.39443,runs/neu_n_fp32_seed7,0.39668,0.77265,0.33422,-1.0,0.23545,0.48992,0.0,0.51668,0.87753,1,
neu,n,7,fp16,val,640,0.77218,0.3955,runs/neu_n_fp16_seed7,0.39784,0.77123,0.33482,-1.0,0.2344,0.49059,0.0,0.51692,0.87688,1,
neu,n,7,int8dyn,val,640,0.70887,0.31841,runs/neu_n_int8dyn_seed7,0.31962,0.7073,0.26676,-1.0,0.14088,0.41079,0.0,0.37234,0.82461,1,
neu,n,7,int8static,val,640,0.71107,0.33169,runs/neu_n_int8static_seed7,0.33433,0.7085,0.27818,-1.0,0.15783,0.43235,0.0,0.41295,0.83935,1,
neu,n,2024,fp32,val,640,0.74787,0.35234,runs/neu_n_fp32_seed2024,0.35358,0.74706,0.29059,-1.0,0.20534,0.43867,0.0,0.49217,0.86205,1,
neu,n,2024,fp16,val,640,0.74792,0.35187,runs/neu_n_fp16_seed2024,0.35286,0.74572,0.29159,-1.0,0.20464,0.43825,0.0,0.4938,0.86099,1,
neu,n,2024,int8dyn,val,640,0.74531,0.34733,runs/neu_n_int8dyn_seed2024,0.34907,0.74443,0.27492,-1.0,0.18962,0.43853,0.0,0.45972,0.86602,1,
neu,n,2024,int8static,val,640,0.75538,0.35244,runs/neu_n_int8static_seed2024,0.35568,0.75405,0.26888,-1.0,0.19855,0.44392,0.0,0.48804,0.87283,1,
neu,s,42,fp32,val,640,0.75653,0.3777,runs/neu_s_fp32_seed42,0.37964,0.75409,0.33467,-1.0,0.21485,0.46545,0.0,0.55302,0.85422,1,7
neu,s,42,fp16,val,640,0.75761,0.37875,runs/neu_s_fp16_seed42,0.38059,0.75528,0.33295,-1.0,0.21458,0.46623,0.0,0.55356,0.85564,1,
neu,s,42,int8dyn,val,640,0.75426,0.39352,runs/neu_s_int8dyn_seed42,0.39461,0.75177,0.36514,-1.0,0.26181,0.48074,0.0,0.67919,0.8586,1,
neu,s,42,int8static,val,640,0.74379,0.38403,runs/neu_s_int8static_seed42,0.38723,0.74227,0.37668,-1.0,0.20289,0.49174,0.0,0.49092,0.87518,1,
neu,s,7,fp32,val,640,0.74706,0.36286,runs/neu_s_fp32_seed7,0.36388,0.74484,0.30353,-1.0,0.23882,0.45507,0.0,0.67408,0.86017,1,7
neu,s,7,fp16,val,640,0.74675,0.36166,runs/neu_s_fp16_seed7,0.36254,0.74451,0.30491,-1.0,0.23658,0.45356,0.0,0.67474,0.85729,1,
neu,s,7,int8dyn,val,640,0.75363,0.37411,runs/neu_s_int8dyn_seed7,0.37509,0.75112,0.31807,-1.0,0.21211,0.47264,0.0,0.59312,0.85496,1,
neu,s,7,int8static,val,640,0.73811,0.36815,runs/neu_s_int8static_seed7,0.3732,0.73885,0.32012,-1.0,0.22812,0.47366,0.0,0.68427,0.8543,1,
neu,s,2024,fp32,val,640,0.78079,0.38631,runs/neu_s_fp32_seed2024,0.38714,0.77839,0.33683,-1.0,0.23128,0.45317,0.0,0.69326,0.8495,1,7
neu,s,2024,fp16,val,640,0.78084,0.38656,runs/neu_s_fp16_seed2024,0.38771,0.77959,0.3364,-1.0,0.23107,0.45425,0.0,0.69295,0.85062,1,
neu,s,2024,int8dyn,val,640,0.76807,0.39397,runs/neu_s_int8dyn_seed2024,0.39638,0.76594,0.38046,-1.0,0.19508,0.46525,0.0,0.54406,0.8414,1,
neu,s,2024,int8static,val,640,0.75719,0.38717,runs/neu_s_int8static_seed2024,0.39027,0.75769,0.34589,-1.0,0.14679,0.4632,0.0,0.39835,0.84294,1,
gc10,s,13,fp32,val,640,0.63524,0.32602,runs/gc10_s_fp32_seed13,0.32829,0.63152,0.29397,0.28054,0.32436,0.34688,0.69569,0.64138,0.60575,1,4
gc10,s,13,fp16,val,640,0.63505,0.32584,runs/gc10_s_fp16_seed13,0.32889,0.63139,0.29444,0.28092,0.32433,0.34651,0.69569,0.64138,0.60577,1,
gc10,s,13,int8dyn,val,640,0.63272,0.32389,runs/gc10_s_int8dyn_seed13,0.32543,0.63293,0.2758,0.26301,0.32033,0.37404,0.69409,0.64323,0.6284,1,
gc10,s,13,int8static,val,640,0.5873,0.29878,runs/gc10_s_int8static_seed13,0.30045,0.58661,0.25647,0.19171,0.30522,0.32999,0.43495,0.60921,0.5726,1,
gc10,s,99,fp32,val,640,0.65391,0.32357,runs/gc10_s_fp32_seed99,0.32541,0.65565,0.26635,0.31892,0.31113,0.37866,0.6506,0.67505,0.64864,1,4
gc10,s,99,fp16,val,640,0.65553,0.32394,runs/gc10_s_fp16_seed99,0.3253,0.65539,0.26839,0.32004,0.30801,0.37836,0.65218,0.67479,0.64828,1,
gc10,s,99,int8dyn,val,640,0.65464,0.32462,runs/gc10_s_int8dyn_seed99,0.32537,0.65647,0.27774,0.32997,0.30688,0.36181,0.65904,0.6768,0.61751,1,
gc10,s,99,int8static,val,640,0.64369,0.31748,runs/gc10_s_int8static_seed99,0.31853,0.64655,0.27564,0.29493,0.29843,0.36458,0.64378,0.67201,0.62348,1,
neu,s,13,fp32,val,640,0.76037,0.40343,runs/neu_s_fp32_seed13,0.40389,0.75844,0.38425,-1.0,0.25756,0.48926,0.0,0.65366,0.86408,1,7
neu,s,13,fp16,val,640,0.76092,0.40363,runs/neu_s_fp16_seed13,0.40405,0.75895,0.38372,-1.0,0.26478,0.48893,0.0,0.68713,0.86441,1,
neu,s,13,int8dyn,val,640,0.76425,0.40612,runs/neu_s_int8dyn_seed13,0.4075,0.76255,0.39808,-1.0,0.2258,0.49686,0.0,0.59687,0.86696,1,
neu,s,13,int8static,val,640,0.77213,0.40701,runs/neu_s_int8static_seed13,0.40917,0.77148,0.38721,-1.0,0.16132,0.50502,0.0,0.4233,0.87829,1,
neu,s,99,fp32,val,640,0.7729,0.3712,runs/neu_s_fp32_seed99,0.37239,0.77021,0.31806,-1.0,0.22641,0.45797,0.0,0.73988,0.86174,1,7
neu,s,99,fp16,val,640,0.77328,0.37163,runs/neu_s_fp16_seed99,0.37323,0.77072,0.31903,-1.0,0.22798,0.45834,0.0,0.7403,0.86187,1,
neu,s,99,int8dyn,val,640,0.76326,0.38823,runs/neu_s_int8dyn_seed99,0.38911,0.76072,0.34896,-1.0,0.20687,0.47827,0.0,0.70212,0.85776,1,
neu,s,99,int8static,val,640,0.7661,0.37979,runs/neu_s_int8static_seed99,0.38088,0.76284,0.32487,-1.0,0.20637,0.47599,0.0,0.68693,0.8703,1,
gc10,n,13,fp32,val,640,0.65451,0.32259,runs/gc10_n_fp32_seed13,0.32265,0.656,0.28074,0.30359,0.30523,0.367,0.58958,0.67452,0.64246,1,
gc10,n,13,fp16,val,640,0.65482,0.32197,runs/gc10_n_fp16_seed13,0.32204,0.65353,0.28234,0.3041,0.30502,0.36341,0.58914,0.67445,0.64046,1,
gc10,n,13,int8dyn,val,640,0.65308,0.32276,runs/gc10_n_int8dyn_seed13,0.32366,0.65468,0.2853,0.30202,0.31175,0.36345,0.59037,0.69184,0.63802,1,
gc10,n,13,int8static,val,640,0.6491,0.31186,runs/gc10_n_int8static_seed13,0.31452,0.64599,0.27393,0.28707,0.31139,0.3551,0.58912,0.68547,0.63809,1,
gc10,n,99,fp32,val,640,0.6468,0.31758,runs/gc10_n_fp32_seed99,0.32069,0.64664,0.26913,0.27728,0.29084,0.37526,0.65213,0.65311,0.65455,1,
gc10,n,99,fp16,val,640,0.64677,0.31791,runs/gc10_n_fp16_seed99,0.32072,0.64561,0.28042,0.27646,0.3039,0.37456,0.65202,0.65137,0.65434,1,
gc10,n,99,int8dyn,val,640,0.64331,0.32089,runs/gc10_n_int8dyn_seed99,0.32413,0.64118,0.27374,0.25941,0.29142,0.37775,0.61959,0.64245,0.6495,1,
gc10,n,99,int8static,val,640,0.6301,0.30904,runs/gc10_n_int8static_seed99,0.31085,0.63169,0.25409,0.25588,0.28228,0.37037,0.70965,0.64683,0.63289,1,
neu,n,13,fp32,val,640,0.79589,0.39833,runs/neu_n_fp32_seed13,0.39873,0.79353,0.37512,-1.0,0.30431,0.48829,0.0,0.83277,0.89233,1,
neu,n,13,fp16,val,640,0.7956,0.39745,runs/neu_n_fp16_seed13,0.39796,0.7934,0.37017,-1.0,0.30378,0.48756,0.0,0.83277,0.89194,1,
neu,n,13,int8dyn,val,640,0.78861,0.40286,runs/neu_n_int8dyn_seed13,0.40392,0.7861,0.37748,-1.0,0.32753,0.49439,0.0,0.83045,0.89363,1,
neu,n,13,int8static,val,640,0.77273,0.39731,runs/neu_n_int8static_seed13,0.39899,0.77068,0.35408,-1.0,0.32708,0.49631,0.0,0.82266,0.88931,1,
neu,n,99,fp32,val,640,0.77649,0.37537,runs/neu_n_fp32_seed99,0.37625,0.7741,0.28069,-1.0,0.18651,0.46141,0.0,0.50997,0.87523,1,
neu,n,99,fp16,val,640,0.7781,0.376,runs/neu_n_fp16_seed99,0.37636,0.77567,0.27601,-1.0,0.18682,0.46177,0.0,0.51159,0.8792,1,
neu,n,99,int8dyn,val,640,0.79085,0.39162,runs/neu_n_int8dyn_seed99,0.39271,0.78875,0.30934,-1.0,0.20795,0.48222,0.0,0.54517,0.89104,1,
neu,n,99,int8static,val,640,0.78272,0.40172,runs/neu_n_int8static_seed99,0.40306,0.78178,0.33133,-1.0,0.21682,0.49179,0.0,0.51945,0.88336,1,
