dataset,scale,variant,metric,mean_diff,n_pairs,t,df,p,p_holm,signif_holm05,t_welch,df_welch,p_welch,p_holm_welch,signif_holm05_welch
gc10,n,fp16,mAP50,-8e-05,5,-0.619,4,0.5694,1.0,no,-0.011,8.0,0.9916,1.0,no
gc10,n,fp16,mAP50_95,-9e-05,5,-0.386,4,0.7195,1.0,no,-0.026,7.98,0.9798,1.0,no
gc10,n,fp16,APs,-0.00029,5,-0.699,4,0.5231,1.0,no,-0.011,8.0,0.9914,1.0,no
gc10,n,int8dyn,mAP50,-0.00766,5,-2.229,4,0.0897,0.628,no,-0.928,7.85,0.3811,1.0,no
gc10,n,int8dyn,mAP50_95,0.0006,5,0.659,4,0.5457,1.0,no,0.159,7.79,0.878,1.0,no
gc10,n,int8dyn,APs,0.0127,5,0.596,4,0.5831,1.0,no,0.44,7.64,0.672,1.0,no
gc10,n,int8static,mAP50,-0.01792,5,-4.864,4,0.0083,0.066,no,-1.825,6.94,0.1111,0.8891,no
gc10,n,int8static,mAP50_95,-0.01111,5,-9.091,4,0.0008,0.0073,yes,-2.897,7.71,0.0208,0.1871,no
gc10,n,int8static,APs,-0.0226,5,-1.617,4,0.1812,1.0,no,-1.059,6.75,0.3261,1.0,no
gc10,s,fp16,mAP50,0.00048,5,1.363,4,0.2444,1.0,no,0.067,7.99,0.9479,1.0,no
gc10,s,fp16,mAP50_95,1e-05,5,0.054,4,0.9594,1.0,no,0.003,8.0,0.998,1.0,no
gc10,s,fp16,APs,0.00317,5,1.393,4,0.236,1.0,no,0.11,7.97,0.915,1.0,no
gc10,s,int8dyn,mAP50,0.00082,5,0.355,4,0.7405,1.0,no,0.107,7.78,0.9179,1.0,no
gc10,s,int8dyn,mAP50_95,-0.00214,5,-2.542,4,0.0639,0.447,no,-0.432,7.81,0.6773,1.0,no
gc10,s,int8dyn,APs,0.00936,5,0.711,4,0.5162,1.0,no,0.263,6.97,0.8003,1.0,no
gc10,s,int8static,mAP50,-0.02274,5,-3.121,4,0.0355,0.2839,no,-2.189,6.19,0.0698,0.5585,no
gc10,s,int8static,mAP50_95,-0.01726,5,-4.611,4,0.0099,0.0895,no,-2.816,6.65,0.0273,0.2461,no
gc10,s,int8static,APs,-0.03061,5,-1.587,4,0.1877,1.0,no,-0.91,7.3,0.3917,1.0,no
neu,n,fp16,mAP50,7e-05,5,0.129,4,0.9032,1.0,no,0.007,8.0,0.9948,1.0,no
neu,n,fp16,mAP50_95,4e-05,5,0.123,4,0.9078,1.0,no,0.003,8.0,0.9973,1.0,no
neu,n,int8dyn,mAP50,-0.0125,5,-0.916,4,0.4115,1.0,no,-0.732,6.0,0.4918,1.0,no
neu,n,int8dyn,mAP50_95,-0.00983,5,-0.581,4,0.5927,1.0,no,-0.498,5.93,0.6362,1.0,no
neu,n,int8static,mAP50,-0.01326,5,-0.969,4,0.3873,1.0,no,-0.892,6.69,0.4035,1.0,no
neu,n,int8static,mAP50_95,-0.00747,5,-0.506,4,0.6394,1.0,no,-0.442,6.69,0.6726,1.0,no
neu,s,fp16,mAP50,0.00035,5,1.493,4,0.2098,0.8391,no,0.041,8.0,0.968,1.0,no
neu,s,fp16,mAP50_95,0.00015,5,0.396,4,0.7126,0.9783,no,0.015,8.0,0.9886,1.0,no
neu,s,int8dyn,mAP50,-0.00284,5,-0.761,4,0.4891,0.9783,no,-0.427,5.75,0.6847,1.0,no
neu,s,int8dyn,mAP50_95,0.01089,5,4.119,4,0.0146,0.0878,no,1.257,7.4,0.247,1.0,no
neu,s,int8static,mAP50,-0.00807,5,-1.406,4,0.2326,0.8391,no,-0.917,7.96,0.3861,1.0,no
neu,s,int8static,mAP50_95,0.00493,5,3.788,4,0.0193,0.0965,no,0.525,7.93,0.6141,1.0,no
