dataset,scale,precision,n_seeds,mAP50,mAP50_95,APs,APm,APl,AP50_s,lat_ms,size_mb
gc10,n,fp16,5,0.6413 ± 0.0123,0.3154 ± 0.0052,0.2748 ± 0.0411,0.3127 ± 0.0098,0.3610 ± 0.0110,0.5999 ± 0.0876,68.4610 ± 8.0589,6.1730 ± 0.0000
gc10,n,fp32,5,0.6414 ± 0.0121,0.3155 ± 0.0054,0.2751 ± 0.0404,0.3090 ± 0.0137,0.3619 ± 0.0120,0.6000 ± 0.0877,68.2824 ± 10.6061,12.2720 ± 0.0000
gc10,n,int8dyn,5,0.6337 ± 0.0139,0.3160 ± 0.0064,0.2878 ± 0.0503,0.3129 ± 0.0184,0.3613 ± 0.0132,0.6213 ± 0.1022,1001.4442 ± 15.2599,3.3570 ± 0.0000
gc10,n,int8static,5,0.6234 ± 0.0183,0.3043 ± 0.0066,0.2525 ± 0.0255,0.2998 ± 0.0145,0.3524 ± 0.0127,0.5860 ± 0.0874,122.3256 ± 1.4136,3.3900 ± 0.0000
gc10,s,fp16,5,0.6374 ± 0.0115,0.3197 ± 0.0072,0.2927 ± 0.0468,0.3123 ± 0.0168,0.3518 ± 0.0154,0.6586 ± 0.1132,225.0648 ± 6.1267,22.4170 ± 0.0000
gc10,s,fp32,5,0.6369 ± 0.0111,0.3196 ± 0.0072,0.2895 ± 0.0441,0.3112 ± 0.0168,0.3518 ± 0.0156,0.6583 ± 0.1133,229.4972 ± 11.1959,44.7600 ± 0.0000
gc10,s,int8dyn,5,0.6378 ± 0.0132,0.3175 ± 0.0084,0.2989 ± 0.0663,0.3048 ± 0.0201,0.3552 ± 0.0148,0.6489 ± 0.0993,3043.1126 ± 95.2187,11.4940 ± 0.0000
gc10,s,int8static,5,0.6142 ± 0.0204,0.3024 ± 0.0117,0.2589 ± 0.0609,0.3029 ± 0.0154,0.3274 ± 0.0275,0.5787 ± 0.1229,335.2412 ± 21.0559,11.5270 ± 0.0000
neu,n,fp16,5,0.7718 ± 0.0175,0.3838 ± 0.0200,-1.0000 ± 0.0000,0.2274 ± 0.0460,0.4742 ± 0.0237,0.0000 ± 0.0000,67.1224 ± 3.3929,6.1720 ± 0.0000
neu,n,fp32,5,0.7718 ± 0.0176,0.3837 ± 0.0199,-1.0000 ± 0.0000,0.2278 ± 0.0462,0.4745 ± 0.0238,0.0000 ± 0.0000,68.3102 ± 1.1857,12.2690 ± 0.0000
neu,n,int8dyn,5,0.7592 ± 0.0339,0.3739 ± 0.0393,-1.0000 ± 0.0000,0.2139 ± 0.0689,0.4664 ± 0.0402,0.0000 ± 0.0000,1000.5562 ± 4.2193,3.3570 ± 0.0000
neu,n,int8static,5,0.7585 ± 0.0283,0.3763 ± 0.0321,-1.0000 ± 0.0000,0.2261 ± 0.0627,0.4731 ± 0.0323,0.0000 ± 0.0000,125.3878 ± 2.3658,3.3900 ± 0.0000
neu,s,fp16,5,0.7639 ± 0.0134,0.3804 ± 0.0159,-1.0000 ± 0.0000,0.2350 ± 0.0185,0.4643 ± 0.0147,0.0000 ± 0.0000,227.2840 ± 3.5841,22.4140 ± 0.0000
neu,s,fp32,5,0.7635 ± 0.0134,0.3803 ± 0.0155,-1.0000 ± 0.0000,0.2338 ± 0.0159,0.4642 ± 0.0148,0.0000 ± 0.0000,228.1542 ± 3.2702,44.7540 ± 0.0000
neu,s,int8dyn,5,0.7607 ± 0.0064,0.3912 ± 0.0116,-1.0000 ± 0.0000,0.2203 ± 0.0257,0.4788 ± 0.0117,0.0000 ± 0.0000,3131.0606 ± 43.0032,11.4920 ± 0.0000
neu,s,int8static,5,0.7555 ± 0.0144,0.3852 ± 0.0142,-1.0000 ± 0.0000,0.1891 ± 0.0338,0.4819 ± 0.0165,0.0000 ± 0.0000,325.0100 ± 7.4243,11.5250 ± 0.0000
